test_file	line	target_symbol	old_target	new_target
tests/test_artifacts_dir.py	214	WorkflowRunner	kaji_harness.cli_main.WorkflowRunner	kaji_harness.commands.run.WorkflowRunner
tests/test_artifacts_dir.py	218	validate_skill_exists	kaji_harness.cli_main.validate_skill_exists	kaji_harness.commands.validate.validate_skill_exists
tests/test_cli_main.py	176	WorkflowRunner	kaji_harness.cli_main.WorkflowRunner	kaji_harness.commands.run.WorkflowRunner
tests/test_cli_main.py	195	WorkflowRunner	kaji_harness.cli_main.WorkflowRunner	kaji_harness.commands.run.WorkflowRunner
tests/test_cli_main.py	287	WorkflowRunner	kaji_harness.cli_main.WorkflowRunner	kaji_harness.commands.run.WorkflowRunner
tests/test_cli_main.py	302	WorkflowRunner	kaji_harness.cli_main.WorkflowRunner	kaji_harness.commands.run.WorkflowRunner
tests/test_cli_main.py	317	WorkflowRunner	kaji_harness.cli_main.WorkflowRunner	kaji_harness.commands.run.WorkflowRunner
tests/test_cli_main.py	345	WorkflowRunner	kaji_harness.cli_main.WorkflowRunner	kaji_harness.commands.run.WorkflowRunner
tests/test_cli_main.py	398	WorkflowRunner	kaji_harness.cli_main.WorkflowRunner	kaji_harness.commands.run.WorkflowRunner
tests/test_cli_main.py	417	WorkflowRunner	kaji_harness.cli_main.WorkflowRunner	kaji_harness.commands.run.WorkflowRunner
tests/test_cli_main.py	450	WorkflowRunner	kaji_harness.cli_main.WorkflowRunner	kaji_harness.commands.run.WorkflowRunner
tests/test_cli_main.py	492	WorkflowRunner	kaji_harness.cli_main.WorkflowRunner	kaji_harness.commands.run.WorkflowRunner
tests/test_cli_main.py	702	_load_config_for_dispatch	kaji_harness.cli_main._load_config_for_dispatch	kaji_harness.commands.pr._load_config_for_dispatch
tests/test_cli_main.py	708	_detect_repo	kaji_harness.cli_main._detect_repo	kaji_harness.commands.pr._detect_repo
tests/test_cli_main.py	756	_detect_repo	kaji_harness.cli_main._detect_repo	kaji_harness.commands.pr._detect_repo
tests/test_cli_main.py	770	_detect_repo	kaji_harness.cli_main._detect_repo	kaji_harness.commands.pr._detect_repo
tests/test_cli_main.py	790	_detect_repo	kaji_harness.cli_main._detect_repo	kaji_harness.commands.pr._detect_repo
tests/test_cli_main.py	801	_load_config_for_dispatch	kaji_harness.cli_main._load_config_for_dispatch	kaji_harness.commands.pr._load_config_for_dispatch
tests/test_cli_main.py	810	_detect_repo	kaji_harness.cli_main._detect_repo	kaji_harness.commands.pr._detect_repo
tests/test_cli_main.py	825	_load_config_for_dispatch	kaji_harness.cli_main._load_config_for_dispatch	kaji_harness.commands.pr._load_config_for_dispatch
tests/test_cli_main.py	834	_detect_repo	kaji_harness.cli_main._detect_repo	kaji_harness.commands.pr._detect_repo
tests/test_cli_main.py	850	_detect_repo	kaji_harness.cli_main._detect_repo	kaji_harness.commands.pr._detect_repo
tests/test_cli_main.py	867	_load_config_for_dispatch	kaji_harness.cli_main._load_config_for_dispatch	kaji_harness.commands.pr._load_config_for_dispatch
tests/test_cli_main.py	925	_load_config_for_dispatch	kaji_harness.cli_main._load_config_for_dispatch	kaji_harness.commands.pr._load_config_for_dispatch
tests/test_cli_main.py	1071	_detect_repo	kaji_harness.cli_main._detect_repo	kaji_harness.commands.pr._detect_repo
tests/test_cli_main.py	1170	_forward_to_gh	kaji_harness.cli_main._forward_to_gh	kaji_harness.commands.pr._forward_to_gh
tests/test_cli_main.py	1200	_detect_repo	kaji_harness.cli_main._detect_repo	kaji_harness.commands.pr._detect_repo
tests/test_cli_main.py	1301	_forward_to_gh	kaji_harness.cli_main._forward_to_gh	kaji_harness.commands.pr._forward_to_gh
tests/test_cli_main.py	1320	_forward_to_gh	kaji_harness.cli_main._forward_to_gh	kaji_harness.commands.pr._forward_to_gh
tests/test_cli_main.py	1331	_forward_to_gh	kaji_harness.cli_main._forward_to_gh	kaji_harness.commands.pr._forward_to_gh
tests/test_cli_main.py	1510	_detect_repo	kaji_harness.cli_main._detect_repo	kaji_harness.commands.pr._detect_repo
tests/test_cli_main.py	1523	_detect_repo	kaji_harness.cli_main._detect_repo	kaji_harness.commands.pr._detect_repo
tests/test_cli_main.py	1541	_detect_repo	kaji_harness.cli_main._detect_repo	kaji_harness.commands.pr._detect_repo
tests/test_cli_main.py	1557	_detect_repo	kaji_harness.cli_main._detect_repo	kaji_harness.commands.pr._detect_repo
tests/test_cli_main.py	1659	_detect_repo	kaji_harness.cli_main._detect_repo	kaji_harness.commands.pr._detect_repo
tests/test_cli_main.py	1682	_detect_repo	kaji_harness.cli_main._detect_repo	kaji_harness.commands.pr._detect_repo
tests/test_cli_main.py	1709	_load_config_for_dispatch	kaji_harness.cli_main._load_config_for_dispatch	kaji_harness.commands.pr._load_config_for_dispatch
tests/test_cli_main.py	1718	_github_pr_review	kaji_harness.cli_main._github_pr_review	kaji_harness.commands.pr._github_pr_review
tests/test_cli_main.py	1722	_forward_to_gh	kaji_harness.cli_main._forward_to_gh	kaji_harness.commands.pr._forward_to_gh
tests/test_cli_main.py	1734	_github_pr_review	kaji_harness.cli_main._github_pr_review	kaji_harness.commands.pr._github_pr_review
tests/test_cli_main.py	1738	_forward_to_gh	kaji_harness.cli_main._forward_to_gh	kaji_harness.commands.pr._forward_to_gh
tests/test_cli_main.py	1754	_github_pr_review	kaji_harness.cli_main._github_pr_review	kaji_harness.commands.pr._github_pr_review
tests/test_cli_main.py	1758	_forward_to_gh	kaji_harness.cli_main._forward_to_gh	kaji_harness.commands.pr._forward_to_gh
tests/test_cli_main.py	1771	_github_pr_review	kaji_harness.cli_main._github_pr_review	kaji_harness.commands.pr._github_pr_review
tests/test_cli_main.py	1775	_forward_to_gh	kaji_harness.cli_main._forward_to_gh	kaji_harness.commands.pr._forward_to_gh
tests/test_cli_main.py	1790	_github_pr_review	kaji_harness.cli_main._github_pr_review	kaji_harness.commands.pr._github_pr_review
tests/test_cli_main.py	1794	_forward_to_gh	kaji_harness.cli_main._forward_to_gh	kaji_harness.commands.pr._forward_to_gh
tests/test_cli_main.py	1807	_github_pr_review	kaji_harness.cli_main._github_pr_review	kaji_harness.commands.pr._github_pr_review
tests/test_cli_main.py	1811	_forward_to_gh	kaji_harness.cli_main._forward_to_gh	kaji_harness.commands.pr._forward_to_gh
tests/test_cli_main.py	1823	_github_pr_review	kaji_harness.cli_main._github_pr_review	kaji_harness.commands.pr._github_pr_review
tests/test_cli_main.py	1827	_forward_to_gh	kaji_harness.cli_main._forward_to_gh	kaji_harness.commands.pr._forward_to_gh
tests/test_cli_main.py	1843	_load_config_for_dispatch	kaji_harness.cli_main._load_config_for_dispatch	kaji_harness.commands.pr._load_config_for_dispatch
tests/test_cli_main.py	1854	_load_config_for_dispatch	kaji_harness.cli_main._load_config_for_dispatch	kaji_harness.commands.pr._load_config_for_dispatch
tests/test_cli_version.py	31	version	kaji_harness.cli_main.version	kaji_harness.commands.parser.version
tests/test_config.py	636	WorkflowRunner	kaji_harness.cli_main.WorkflowRunner	kaji_harness.commands.run.WorkflowRunner
tests/test_config.py	740	WorkflowRunner	kaji_harness.cli_main.WorkflowRunner	kaji_harness.commands.run.WorkflowRunner
tests/test_config.py	775	WorkflowRunner	kaji_harness.cli_main.WorkflowRunner	kaji_harness.commands.run.WorkflowRunner
tests/test_dispatcher.py	894	_detect_repo	kaji_harness.cli_main._detect_repo	kaji_harness.commands.pr._detect_repo
tests/test_runner_before.py	231	WorkflowRunner	kaji_harness.cli_main.WorkflowRunner	kaji_harness.commands.run.WorkflowRunner
tests/test_runner_before.py	253	WorkflowRunner	kaji_harness.cli_main.WorkflowRunner	kaji_harness.commands.run.WorkflowRunner
tests/test_runner_reset_cycle.py	297	WorkflowRunner	kaji_harness.cli_main.WorkflowRunner	kaji_harness.commands.run.WorkflowRunner
tests/test_skill_migration.py	148	_load_config_for_dispatch	kaji_harness.cli_main._load_config_for_dispatch	kaji_harness.commands.pr._load_config_for_dispatch
tests/test_skill_migration.py	156	_detect_repo	kaji_harness.cli_main._detect_repo	kaji_harness.commands.pr._detect_repo
